´úÂë,¼Û¸ñ
000001,14.05
000002,40.04
000004,21.64
000005,4.23
000006,9.85
000007,16.66
000008,8.31
000009,6.78
000010,5.4
000011,17.92
000012,9.19
000014,12.85
000016,6.89
000017,6.1
000018,6.25
000019,12.15
000020,14.12
000021,9.87
000022,24.14
000023,20.07
000025,38.07
000026,10.76
000027,6.2
000028,62.23
000029,11.17
000030,8.19
000031,8.0
000032,9.5
000034,21.6
000035,6.72
000036,11.22
000037,6.67
000038,19.37
000039,22.53
000040,12.72
000042,17.07
000043,10.12
000045,9.7
000046,7.92
000048,20.42
000049,36.78
000050,19.84
000055,8.01
000056,13.27
000058,7.42
000059,10.76
000060,11.59
000061,7.96
000062,23.47
000063,35.0
000065,17.97
000066,7.28
000068,5.16
000069,10.79
000070,10.15
000078,5.97
000088,8.47
000089,9.27
000090,11.27
000096,13.42
000099,9.59
000100,3.72
000150,30.04
000151,12.75
000153,8.31
000155,6.16
000156,11.4
000157,4.63
000158,9.1
000159,5.37
000166,5.6
000301,5.82
000333,62.0
000338,8.96
000400,12.5
000401,14.44
000402,12.22
000403,31.29
000404,5.91
000407,7.77
000408,16.72
000409,6.24
000410,10.5
000411,20.07
000413,9.04
000415,5.84
000416,7.2
000417,8.06
000418,72.62
000419,6.16
000420,3.16
000421,6.12
000422,4.25
000423,66.66
000425,4.88
000426,11.33
000428,4.17
000429,8.55
000430,8.75
000488,18.26
000498,6.87
000501,17.38
000502,10.87
000503,42.24
000504,25.73
000505,8.42
000506,7.12
000507,10.39
000509,6.12
000510,8.44
000513,76.1
000514,6.85
000516,4.89
000517,5.07
000518,6.75
000519,8.91
000520,3.92
000521,5.17
000523,8.18
000524,11.44
000525,22.75
000526,29.85
000528,8.69
000529,7.11
000530,5.47
000531,8.01
000532,11.46
000533,9.59
000534,13.05
000536,4.69
000537,16.75
000538,102.23
000539,4.95
000540,7.35
000541,9.59
000543,5.2
000544,14.53
000545,5.02
000546,15.05
000547,10.83
000548,7.09
000550,19.35
000551,8.11
000552,3.65
000553,17.37
000554,8.05
000555,11.89
000557,4.88
000558,5.14
000559,9.59
000560,9.26
000561,8.21
000563,4.52
000564,4.78
000565,7.29
000566,12.89
000567,25.67
000568,68.99
000570,5.56
000571,5.37
000572,4.67
000573,5.17
000576,17.0
000581,26.47
000582,10.11
000584,14.56
000585,4.3
000586,17.6
000587,7.29
000589,4.61
000590,13.74
000591,5.57
000592,5.75
000593,8.81
000595,5.23
000596,73.69
000597,11.03
000598,5.37
000599,6.43
000600,8.23
000601,7.19
000603,13.07
000605,18.11
000606,8.06
000607,6.18
000608,9.42
000609,11.45
000610,11.66
000611,7.09
000612,8.6
000613,8.62
000615,11.63
000616,3.42
000617,15.08
000619,7.9
000620,6.65
000622,4.71
000623,23.36
000625,13.15
000626,12.47
000627,8.49
000628,8.46
000630,2.89
000631,4.52
000632,6.07
000633,9.96
000635,14.72
000636,10.97
000637,5.86
000638,10.92
000639,17.16
000650,5.36
000651,57.4
000652,4.66
000655,6.32
000656,5.25
000657,12.94
000659,3.96
000661,175.95
000662,14.84
000663,21.76
000665,10.46
000666,20.0
000667,3.31
000668,15.16
000669,13.59
000670,5.96
000671,10.16
000672,12.46
000673,13.53
000676,11.37
000677,3.91
000678,7.4
000679,7.03
000680,5.0
000681,20.9
000682,4.8
000683,2.96
000685,10.69
000686,9.31
000687,10.77
000688,10.95
000690,9.07
000691,7.37
000692,4.56
000693,12.5
000695,10.01
000697,21.72
000698,6.07
000700,5.66
000701,10.09
000702,7.65
000703,26.01
000705,8.27
000707,5.69
000708,11.74
000709,4.1
000710,46.71
000711,13.92
000712,16.91
000713,6.79
000715,9.42
000716,5.43
000717,8.21
000718,4.85
000719,9.52
000720,4.42
000721,5.51
000722,9.36
000723,6.64
000725,6.28
000726,11.05
000727,2.45
000728,11.45
000729,7.91
000731,7.69
000732,37.68
000733,13.97
000735,9.37
000736,18.03
000737,4.84
000738,14.67
000739,6.13
000750,5.23
000751,5.31
000752,12.96
000753,3.88
000755,6.27
000756,12.67
000757,7.03
000758,6.58
000759,8.76
000760,5.73
000761,5.72
000762,15.04
000766,13.6
000767,2.99
000768,16.42
000776,19.86
000777,16.39
000778,5.48
000779,14.08
000780,5.17
000782,7.48
000783,8.43
000785,10.54
000786,25.55
000788,8.44
000789,12.93
000790,7.31
000791,7.83
000792,15.32
000793,9.64
000795,6.02
000796,12.9
000797,10.98
000798,9.03
000799,25.97
000800,12.2
000801,6.58
000802,13.85
000803,22.16
000806,9.14
000807,9.82
000809,3.68
000810,7.29
000811,8.08
000812,7.17
000813,8.84
000815,16.49
000816,2.93
000818,12.52
000819,11.3
000820,18.27
000821,11.75
000822,9.49
000823,12.47
000825,5.33
000826,31.12
000828,11.55
000829,9.17
000830,20.99
000831,11.71
000833,7.0
000835,8.21
000836,5.15
000837,6.07
000838,6.14
000839,8.83
000848,10.3
000850,4.65
000851,8.91
000852,9.97
000856,22.87
000858,86.84
000859,4.23
000860,20.42
000861,3.11
000862,4.65
000863,5.25
000868,8.38
000869,38.23
000875,3.67
000876,8.46
000877,11.65
000878,13.63
000880,9.33
000881,13.65
000882,3.08
000883,4.76
000885,17.45
000886,7.58
000887,17.29
000888,10.5
000889,12.81
000890,6.8
000892,8.25
000893,7.63
000895,28.4
000897,3.67
000898,7.11
000899,5.73
000900,6.25
000901,22.93
000902,9.76
000903,3.45
000905,10.88
000906,8.32
000908,5.99
000909,10.35
000910,25.02
000911,9.11
000912,6.79
000913,18.15
000915,26.97
000917,8.85
000918,7.46
000919,9.12
000920,9.72
000921,15.17
000922,7.32
000923,24.69
000925,14.07
000926,12.26
000927,4.45
000928,6.66
000929,11.49
000930,13.34
000931,6.9
000932,9.2
000933,9.91
000935,20.93
000936,6.96
000937,6.02
000938,65.75
000939,4.99
000948,10.31
000949,4.23
000951,17.85
000952,14.06
000953,7.8
000955,6.9
000957,10.53
000958,5.21
000959,6.26
000960,15.58
000961,7.55
000962,8.9
000963,55.26
000965,6.21
000966,3.82
000967,8.81
000968,14.14
000969,8.45
000970,13.12
000971,14.89
000972,3.94
000973,6.08
000975,15.04
000976,8.0
000977,17.36
000978,8.38
000979,1.94
000980,11.26
000981,8.43
000982,4.08
000983,10.25
000985,19.37
000987,10.29
000988,15.52
000989,19.12
000990,17.3
000993,7.81
000995,10.28
000996,15.89
000997,18.91
000998,24.29
000999,26.97
001696,6.28
001896,5.58
001965,12.11
001979,26.05
002001,40.0
002002,7.15
002003,12.07
002004,6.73
002005,4.36
002006,7.04
002007,27.48
002008,53.11
002009,16.36
002010,16.72
002011,8.05
002012,10.96
002013,10.32
002014,11.6
002015,6.5
002016,13.19
002017,8.81
002018,6.79
002019,20.93
002020,10.5
002021,4.19
002022,14.12
002023,9.92
002024,13.36
002025,22.9
002026,7.85
002027,14.88
002028,14.99
002029,8.55
002030,17.65
002031,2.8
002032,45.83
002033,9.1
002034,47.62
002035,32.82
002036,15.61
002037,11.18
002038,33.48
002039,15.74
002040,13.99
002041,12.4
002042,13.21
002043,11.56
002044,23.91
002045,17.38
002046,9.06
002047,7.26
002048,22.42
002049,41.64
002050,20.3
002051,18.57
002052,5.28
002053,11.61
002054,14.46
002055,19.17
002056,9.78
002057,12.19
002058,20.86
002059,7.59
002060,3.77
002061,15.26
002062,5.17
002063,11.6
002064,5.06
002065,9.27
002066,10.43
002067,6.25
002068,10.31
002069,7.94
002070,4.11
002071,9.63
002072,28.9
002073,7.96
002074,21.61
002075,16.12
002076,5.05
002077,13.2
002078,11.42
002079,7.97
002080,23.36
002081,16.4
002082,13.97
002083,6.61
002084,6.94
002085,15.51
002086,12.58
002087,5.65
002088,14.03
002089,5.51
002090,21.09
002091,8.81
002092,15.09
002093,9.21
002094,18.93
002095,40.75
002096,8.06
002097,7.72
002098,16.33
002099,5.94
002100,8.45
002101,20.02
002102,4.95
002103,9.45
002104,8.86
002105,6.42
002106,10.29
002107,11.69
002108,11.26
002109,7.69
002110,23.46
002111,15.03
002112,17.41
002113,11.47
002114,17.61
002115,9.26
002116,10.4
002117,18.71
002118,8.17
002119,17.7
002120,44.5
002121,8.75
002122,8.49
002123,10.13
002124,9.7
002125,10.61
002126,9.23
002127,12.5
002128,11.38
002129,10.46
002130,5.57
002131,2.78
002132,5.0
002133,4.97
002134,8.23
002135,6.98
002136,14.2
002137,6.99
002138,15.6
002139,10.07
002140,10.97
002141,6.96
002142,19.79
002143,14.16
002144,13.99
002145,5.92
002146,13.72
002147,14.76
002148,9.16
002149,9.67
002150,8.69
002151,33.03
002152,7.36
002153,26.59
002154,3.31
002155,9.5
002156,11.72
002157,6.3
002158,12.88
002159,16.91
002160,6.72
002161,8.72
002162,5.09
002163,7.64
002164,8.52
002165,5.98
002166,10.5
002167,9.61
002168,13.76
002169,5.22
002170,6.56
002171,7.48
002172,6.2
002173,12.79
002174,24.72
002175,7.99
002176,10.14
002177,5.11
002178,15.14
002179,37.78
002180,27.0
002181,5.0
002182,8.67
002183,7.66
002184,12.0
002185,8.01
002186,18.5
002187,10.56
002188,13.39
002189,18.08
002190,21.26
002191,8.85
002192,26.08
002193,16.75
002194,9.49
002195,6.39
002196,9.07
002197,11.75
002198,11.74
002199,14.49
002200,11.86
002201,10.43
002202,18.4
002203,7.84
002204,4.34
002205,17.26
002206,5.53
002207,9.21
002208,10.2
002209,9.85
002210,13.1
002211,7.24
002212,19.51
002213,15.35
002214,7.3
002215,6.95
002216,8.39
002217,9.4
002218,4.89
002219,11.71
002220,7.34
002221,12.37
002222,16.88
002223,21.9
002224,8.88
002225,5.02
002226,6.03
002227,17.61
002228,4.23
002229,9.77
002230,60.21
002231,10.6
002232,10.19
002233,12.21
002234,11.05
002235,12.38
002236,26.4
002237,11.35
002238,9.87
002239,3.91
002240,13.9
002241,15.76
002242,18.39
002243,7.8
002244,8.85
002245,9.34
002246,11.86
002247,12.78
002248,10.15
002249,6.82
002250,10.55
002251,19.01
002252,20.05
002253,19.27
002254,12.58
002255,6.61
002256,4.78
002258,19.36
002259,5.9
002260,11.96
002261,7.56
002262,14.87
002263,2.87
002264,9.29
002265,13.76
002266,4.11
002267,8.09
002268,23.98
002269,3.19
002270,9.41
002271,42.0
002272,5.36
002273,20.76
002274,7.41
002275,16.3
002276,8.76
002277,5.93
002278,14.63
002279,10.99
002280,7.57
002281,26.67
002282,14.75
002283,5.73
002284,8.81
002285,11.44
002286,10.98
002287,35.46
002288,5.86
002289,10.63
002290,12.72
002291,7.18
002292,13.66
002293,14.1
002294,40.3
002295,11.75
002296,7.82
002297,11.28
002298,9.0
002299,15.17
002300,8.5
002301,17.38
002302,17.09
002303,6.42
002304,131.94
002305,4.54
002306,4.69
002307,12.41
002308,10.97
002309,13.87
002310,18.89
002311,23.09
002312,6.79
002313,31.0
002314,6.76
002315,23.77
002316,9.89
002317,11.7
002318,7.12
002319,15.81
002320,27.85
002321,12.9
002322,17.78
002323,6.64
002324,20.6
002325,4.91
002326,11.47
002327,10.46
002328,6.64
002329,6.73
002330,8.38
002331,10.69
002332,8.16
002333,16.55
002334,8.25
002335,30.87
002336,12.14
002337,5.4
002338,14.06
002339,9.37
002340,6.94
002341,22.44
002342,6.47
002343,34.31
002344,7.93
002345,10.75
002346,19.69
002347,6.07
002348,5.05
002349,8.24
002350,9.53
002351,8.25
002352,50.53
002353,16.03
002354,18.07
002355,10.22
002356,31.73
002357,10.13
002358,14.86
002359,23.1
002360,7.0
002361,5.43
002362,24.5
002363,8.6
002364,10.16
002365,33.61
002366,26.45
002367,9.06
002368,23.35
002369,8.8
002370,13.98
002371,34.33
002372,21.2
002373,14.03
002374,5.06
002375,7.83
002376,13.18
002377,8.99
002378,9.61
002379,5.72
002380,17.16
002381,7.77
002382,16.26
002383,18.33
002384,25.99
002385,6.85
002386,8.44
002387,16.74
002388,8.2
002389,18.47
002390,8.24
002391,14.7
002392,5.04
002393,31.69
002394,12.37
002395,12.11
002396,19.92
002397,6.06
002398,15.14
002399,15.53
002400,5.83
002401,12.08
002402,9.24
002403,11.8
002404,6.68
002405,25.83
002406,7.31
002407,19.88
002408,13.49
002409,25.15
002410,19.18
002411,26.6
002412,16.47
002413,9.56
002414,15.78
002415,41.08
002416,9.61
002417,11.76
002418,9.34
002419,17.98
002420,5.12
002421,5.51
002422,25.1
002423,14.39
002424,15.18
002425,7.97
002426,5.81
002427,27.99
002428,12.82
002429,3.36
002430,15.48
002431,8.5
002432,9.25
002433,8.59
002434,9.75
002435,17.92
002436,5.59
002437,6.75
002438,7.59
002439,21.79
002440,20.29
002441,9.89
002442,12.29
002443,8.95
002444,13.03
002445,14.19
002446,9.18
002447,5.91
002448,9.13
002449,16.16
002450,20.81
002451,29.24
002452,6.23
002453,7.79
002454,11.7
002455,9.59
002456,17.87
002457,12.6
002458,23.25
002459,11.68
002460,57.0
002461,11.11
002462,26.25
002463,4.77
002464,31.09
002465,10.09
002466,50.21
002467,7.71
002468,24.3
002469,6.61
002470,9.15
002471,4.1
002472,9.18
002473,9.29
002474,9.04
002475,22.0
002476,5.68
002477,4.55
002478,4.91
002479,10.37
002480,7.12
002481,4.84
002482,7.95
002483,5.33
002484,9.14
002485,24.63
002486,5.28
002487,4.93
002488,12.52
002489,5.38
002490,4.72
002491,12.85
002492,7.79
002493,14.63
002494,9.51
002495,3.89
002496,5.62
002497,11.18
002498,3.26
002499,19.42
002500,9.83
002501,10.18
002502,8.29
002503,5.47
002504,4.53
002505,2.68
002506,4.17
002507,16.77
002508,54.08
002509,9.42
002510,6.12
002511,14.5
002512,18.07
002513,10.72
002514,7.86
002515,8.32
002516,5.97
002517,21.35
002518,17.03
002519,6.42
002520,10.32
002521,9.59
002522,10.13
002523,5.16
002524,6.35
002526,6.07
002527,9.88
002528,5.08
002529,15.5
002530,23.5
002531,7.16
002532,6.5
002533,6.79
002534,10.48
002535,4.78
002536,14.49
002537,9.87
002538,8.51
002539,6.21
002540,7.39
002541,14.08
002542,8.03
002543,22.81
002544,15.1
002545,8.67
002546,5.08
002547,7.89
002548,10.42
002549,6.43
002550,5.54
002551,9.13
002552,10.0
002553,8.71
002554,4.83
002555,20.95
002556,7.94
002557,16.26
002558,34.33
002559,9.08
002560,7.47
002561,12.09
002562,16.32
002563,9.34
002564,8.12
002565,6.18
002566,8.7
002567,7.89
002568,13.79
002569,23.4
002570,5.94
002571,6.9
002572,38.84
002573,20.56
002574,7.7
002575,9.1
002576,15.43
002577,16.5
002578,4.57
002579,10.2
002580,8.37
002581,18.4
002582,11.17
002583,14.24
002584,17.63
002585,6.68
002586,8.91
002587,6.75
002588,7.05
002589,13.42
002590,12.64
002591,10.12
002592,22.29
002593,4.32
002594,65.5
002595,18.35
002596,12.15
002597,28.15
002598,9.8
002599,11.91
002600,7.3
002601,17.15
002602,34.49
002603,15.94
002604,8.74
002605,11.77
002606,11.17
002607,4.06
002608,10.06
002609,14.36
002610,2.51
002611,13.65
002612,12.18
002613,3.55
002614,20.2
002615,9.09
002616,9.15
002617,16.7
002618,11.05
002619,6.37
002620,9.75
002621,16.5
002622,15.0
002623,22.2
002624,32.3
002625,26.0
002626,18.99
002627,18.48
002628,7.34
002629,5.94
002630,11.19
002631,10.7
002632,8.18
002633,11.35
002634,7.23
002635,21.87
002636,15.04
002637,10.36
002638,4.82
002639,8.2
002640,18.11
002641,4.48
002642,12.11
002643,11.14
002644,10.11
002645,21.87
002646,15.68
002647,32.43
002648,18.69
002649,11.64
002650,7.13
002651,7.38
002652,7.38
002653,11.05
002654,6.65
002655,9.95
002656,24.59
002657,25.48
002658,12.49
002659,13.56
002660,9.97
002661,14.15
002662,6.83
002663,5.56
002664,25.83
002665,6.4
002666,6.22
002667,16.22
002668,21.34
002669,24.9
002670,19.51
002671,6.74
002672,15.83
002673,13.16
002674,10.33
002675,10.78
002676,7.58
002677,16.82
002678,11.06
002679,21.26
002680,13.82
002681,10.15
002682,11.09
002683,7.68
002684,17.14
002685,9.9
002686,12.18
002687,6.83
002688,6.78
002689,5.4
002690,17.9
002691,24.81
002692,10.15
002693,6.07
002694,21.81
002695,16.96
002696,17.59
002697,6.27
002698,10.58
002699,17.47
002700,9.99
002701,6.07
002702,5.15
002703,8.24
002705,11.95
002706,11.95
002707,12.23
002708,6.36
002709,44.82
002711,10.08
002712,21.36
002713,28.5
002714,61.28
002715,27.13
002716,20.63
002717,24.45
002718,45.8
002719,28.23
002721,17.58
002722,25.02
002723,17.88
002724,9.35
002725,13.91
002726,10.69
002727,21.37
002728,18.62
002729,61.85
002730,11.88
002731,17.89
002732,28.6
002733,16.62
002734,24.64
002735,32.5
002736,13.44
002737,32.96
002738,28.66
002739,52.04
002740,8.96
002741,15.72
002742,22.99
002743,10.6
002745,51.15
002746,21.92
002747,11.24
002748,14.87
002749,65.79
002750,9.61
002751,38.9
002752,10.59
002753,19.49
002755,27.09
002756,23.13
002757,38.5
002758,10.13
002759,16.19
002760,49.0
002761,35.48
002762,17.48
002763,13.8
002765,9.03
002766,14.11
002767,20.3
002768,25.88
002769,13.87
002770,4.55
002771,19.4
002772,10.92
002773,55.49
002774,10.01
002775,19.77
002776,19.36
002777,31.9
002778,23.87
002779,20.55
002780,23.6
002781,21.4
002782,13.69
002783,18.84
002785,13.09
002786,9.66
002787,11.3
002788,29.57
002789,39.19
002790,26.82
002791,19.11
002792,32.63
002793,15.89
002795,16.47
002796,28.77
002797,10.79
002798,48.89
002799,20.96
002800,29.4
002801,34.06
002802,29.37
002803,44.2
002805,27.5
002806,19.62
002807,9.07
002808,11.9
002809,33.41
002810,23.6
002811,18.95
002812,90.68
002813,31.68
002815,28.9
002816,19.6
002817,31.4
002818,31.35
002819,25.86
002820,24.97
002821,56.2
002822,8.1
002823,15.55
002824,17.58
002825,23.95
002826,17.52
002827,18.9
002828,23.51
002829,26.3
002830,20.99
002831,58.47
002832,58.85
002833,64.55
002835,11.15
002836,20.42
002837,19.94
002838,42.95
002839,11.4
002840,31.25
002841,68.91
002842,42.81
002843,19.47
002845,25.25
002846,17.88
002847,27.65
002848,16.69
002849,27.85
002850,57.75
002851,36.5
002852,33.18
002853,36.95
002855,12.63
002856,53.95
002857,27.33
002858,35.84
002859,32.19
002860,41.17
002861,26.93
002862,28.38
002863,16.0
002864,30.15
002865,23.25
002866,28.82
002867,28.69
002868,24.55
002869,31.58
002870,25.75
002871,34.25
002872,30.79
002873,42.3
002875,26.54
002876,68.27
002877,22.38
002878,36.93
002879,54.59
002880,53.62
002881,30.01
002882,13.77
002883,51.26
002884,50.88
002885,34.59
002886,33.9
002887,74.03
002888,26.57
002889,28.91
002890,33.43
002891,33.63
002892,40.1
002893,30.62
002895,27.7
002896,37.06
002897,37.3
002898,21.36
002899,30.0
002900,28.21
002901,36.51
002902,42.73
002903,39.38
002905,37.99
002906,22.46
002907,34.3
002908,32.03
002909,22.7
002910,24.2
002911,29.1
002912,138.17
002913,43.22
002915,44.85
002916,80.1
002917,29.83
002918,51.56
002919,34.68
002920,38.9
002921,33.37
002922,28.42
002923,39.94
002925,69.44
300001,13.78
300002,6.63
300003,27.0
300004,11.01
300005,5.91
300006,6.41
300007,13.91
300008,6.87
300009,26.0
300010,11.17
300011,10.91
300012,4.21
300013,14.54
300014,18.0
300015,35.3
300016,13.96
300017,13.33
300018,6.69
300019,9.88
300020,11.81
300021,6.39
300022,5.76
300023,12.0
300024,19.67
300025,5.99
300026,4.34
300027,10.28
300028,5.06
300029,7.72
300030,8.96
300031,15.39
300032,13.89
300033,60.89
300034,11.18
300035,7.12
300036,15.15
300037,20.45
300038,48.6
300039,6.73
300040,8.21
300041,9.83
300042,30.08
300043,6.54
300044,15.9
300045,11.05
300046,19.92
300047,12.14
300048,3.97
300049,13.35
300050,8.25
300051,11.04
300052,15.61
300053,15.65
300054,11.02
300055,19.48
300056,7.06
300057,9.98
300058,7.7
300059,16.39
300061,15.92
300062,6.78
300063,5.18
300064,13.34
300065,15.33
300066,4.57
300067,6.26
300068,14.67
300069,32.97
300070,16.69
300071,7.8
300072,39.0
300073,23.34
300074,8.4
300075,16.32
300076,5.96
300077,8.83
300078,9.95
300079,4.48
300080,6.02
300081,10.36
300082,7.09
300083,7.92
300084,7.22
300085,14.92
300086,10.8
300087,10.38
300088,7.6
300089,10.01
300090,9.24
300091,15.59
300092,8.09
300093,10.43
300094,7.14
300095,8.2
300096,11.83
300097,26.02
300098,12.77
300099,6.28
300100,14.81
300101,13.49
300102,8.55
300103,17.87
300104,11.18
300105,5.66
300106,7.9
300107,10.55
300108,8.88
300109,41.91
300110,15.91
300111,3.52
300112,10.28
300113,21.9
300114,9.79
300115,19.83
300116,7.62
300117,6.61
300118,12.19
300119,11.65
300120,12.79
300121,13.97
300122,33.45
300123,11.71
300124,28.35
300125,24.69
300126,6.77
300127,16.75
300128,10.39
300129,6.75
300130,25.14
300131,7.2
300132,8.15
300133,11.71
300134,16.45
300135,3.85
300136,33.37
300137,21.63
300138,12.29
300139,7.43
300140,13.78
300141,10.7
300142,19.83
300143,25.6
300144,19.5
300145,12.48
300146,16.71
300147,9.55
300148,8.64
300149,15.35
300150,5.48
300151,6.93
300152,6.73
300153,12.0
300154,6.4
300155,5.9
300156,17.9
300157,10.03
300158,14.98
300159,10.4
300160,7.61
300161,16.41
300162,8.1
300163,5.94
300164,7.33
300165,6.72
300166,12.45
300167,9.89
300168,13.94
300169,6.29
300170,13.5
300171,9.26
300172,7.97
300173,7.9
300174,28.69
300175,7.24
300176,134.59
300177,10.9
300178,13.92
300179,6.17
300180,24.06
300181,6.74
300182,10.12
300183,17.92
300184,12.07
300185,2.36
300187,10.87
300188,20.49
300189,3.64
300190,11.55
300191,22.51
300192,11.88
300193,7.89
300194,5.93
300195,14.16
300196,12.17
300197,11.2
300198,6.7
300199,14.77
300200,9.91
300201,6.69
300202,18.59
300203,27.22
300204,13.66
300205,9.98
300206,7.52
300207,10.33
300208,12.1
300209,18.71
300210,5.98
300211,7.03
300212,28.4
300213,7.6
300214,5.22
300215,9.18
300216,11.4
300217,3.01
300218,8.65
300219,12.15
300220,17.68
300221,16.5
300222,21.06
300223,31.17
300224,8.59
300225,15.7
300226,55.8
300227,22.57
300228,10.38
300229,14.04
300230,12.6
300231,10.86
300232,14.01
300233,17.16
300234,8.6
300235,12.23
300236,28.4
300237,15.7
300238,23.38
300239,5.42
300240,10.96
300241,17.93
300242,7.98
300243,11.83
300244,23.93
300245,14.07
300246,19.85
300247,5.5
300248,13.55
300249,7.59
300250,14.95
300251,13.35
300252,14.72
300253,7.74
300254,10.34
300255,6.75
300256,8.75
300257,16.31
300258,14.19
300259,9.05
300260,14.43
300261,8.2
300262,9.23
300263,6.82
300264,7.52
300265,9.05
300266,24.8
300267,7.21
300268,18.57
300269,13.59
300270,13.52
300271,16.74
300272,8.64
300273,8.92
300274,17.38
300275,14.75
300276,13.62
300277,7.98
300278,17.12
300279,12.44
300280,34.68
300281,11.99
300282,19.68
300283,5.47
300284,16.84
300285,17.99
300286,17.37
300287,8.19
300288,26.84
300289,9.28
300290,8.14
300291,13.03
300292,5.67
300293,11.43
300294,32.7
300295,18.66
300296,20.53
300297,9.96
300298,21.55
300299,8.15
300300,16.63
300301,5.85
300302,10.69
300303,3.7
300304,7.36
300305,7.72
300306,14.91
300307,8.31
300308,63.84
300309,22.55
300310,10.93
300311,13.6
300312,10.1
300313,12.03
300314,14.46
300315,6.66
300316,20.31
300317,14.21
300318,5.63
300319,7.02
300320,9.91
300321,22.86
300322,9.84
300323,16.1
300324,16.0
300325,6.27
300326,8.96
300327,27.66
300328,9.92
300329,9.12
300330,10.28
300331,17.5
300332,6.23
300333,9.0
300334,14.81
300335,16.46
300336,12.23
300337,7.99
300338,19.91
300339,10.78
300340,44.0
300341,7.07
300342,15.21
300343,12.86
300344,10.35
300345,6.15
300346,28.89
300347,36.4
300348,17.27
300349,37.96
300350,9.26
300351,14.2
300352,4.31
300353,12.65
300354,12.31
300355,12.4
300356,6.99
300357,50.77
300358,12.23
300359,10.09
300360,10.62
300362,12.9
300363,12.8
300364,11.69
300365,34.54
300366,11.9
300367,15.3
300368,9.04
300369,10.39
300370,3.75
300371,18.97
300373,24.37
300374,16.85
300375,16.1
300376,7.69
300377,13.13
300378,13.23
300379,13.85
300380,22.76
300381,11.84
300382,14.19
300383,13.19
300384,25.85
300385,24.78
300386,16.78
300387,16.79
300388,23.59
300389,12.48
300390,6.84
300391,15.55
300392,14.93
300393,34.81
300394,20.4
300395,15.19
300396,41.3
300397,20.0
300398,19.74
300399,19.9
300400,14.3
300401,47.35
300402,12.46
300403,14.75
300404,17.7
300405,16.28
300406,16.0
300407,12.99
300408,20.51
300409,49.31
300410,37.58
300411,35.39
300412,11.1
300413,32.9
300414,21.72
300415,17.08
300416,25.81
300417,24.11
300418,24.35
300419,9.47
300420,6.97
300421,18.37
300422,15.7
300423,26.98
300424,23.43
300425,9.53
300426,20.37
300427,14.08
300428,19.29
300429,25.02
300430,18.51
300431,25.08
300432,18.18
300433,27.8
300434,24.09
300435,15.75
300436,30.26
300437,14.68
300438,26.19
300439,19.26
300440,9.65
300441,24.05
300442,20.77
300443,15.51
300444,17.0
300445,15.63
300446,22.0
300447,17.73
300448,22.04
300449,19.19
300450,55.19
300451,26.19
300452,25.98
300453,15.25
300455,11.24
300456,40.95
300457,25.25
300458,24.12
300459,11.4
300460,13.18
300461,64.34
300462,23.88
300463,22.33
300464,9.88
300465,9.36
300466,12.74
300467,46.2
300468,38.73
300469,41.63
300470,41.46
300471,10.17
300472,26.75
300473,40.94
300474,53.65
300475,14.37
300476,22.0
300477,22.29
300478,37.25
300479,19.09
300480,17.47
300481,25.5
300482,71.34
300483,34.34
300484,19.8
300485,28.34
300486,20.53
300487,32.07
300488,33.25
300489,19.48
300490,13.34
300491,18.48
300492,45.98
300493,12.91
300494,18.35
300495,16.36
300496,30.55
300497,44.08
300498,26.89
300499,18.89
300500,34.96
300501,35.27
300502,23.9
300503,12.61
300505,31.86
300506,22.1
300507,27.15
300508,71.0
300509,25.07
300510,26.4
300511,22.39
300512,17.53
300513,33.37
300514,27.21
300515,11.84
300516,45.87
300517,18.96
300518,50.46
300519,20.31
300520,23.8
300521,15.53
300522,19.56
300523,47.3
300525,39.18
300526,18.81
300527,24.02
300528,13.81
300529,30.0
300530,37.2
300531,17.53
300532,23.89
300533,52.07
300534,10.35
300535,35.98
300536,15.71
300537,16.13
300538,35.51
300539,10.88
300540,23.26
300541,26.01
300542,35.58
300543,29.55
300545,53.72
300546,21.31
300547,55.25
300548,42.83
300549,21.07
300550,30.99
300551,24.35
300552,25.3
300553,40.65
300554,72.65
300555,11.73
300556,23.96
300557,38.05
300558,62.91
300559,41.71
300560,31.78
300561,45.7
300562,21.61
300563,29.45
300565,20.12
300566,41.24
300567,128.3
300568,27.09
300569,23.4
300570,19.31
300571,55.12
300572,66.77
300573,25.71
300575,42.28
300576,16.71
300577,63.28
300578,38.83
300579,46.01
300580,21.74
300581,34.02
300582,14.7
300583,40.69
300584,45.41
300585,18.25
300586,26.28
300587,23.31
300588,30.15
300589,21.9
300590,25.81
300591,8.93
300592,16.31
300593,20.11
300595,50.3
300596,17.74
300597,16.6
300598,28.67
300599,12.39
300600,43.96
300601,46.7
300602,50.2
300603,32.02
300604,50.3
300605,26.66
300606,29.43
300607,62.65
300608,29.23
300609,35.28
300610,16.68
300611,14.05
300612,49.28
300613,174.24
300615,28.78
300616,171.4
300617,48.74
300618,310.22
300619,40.95
300620,34.7
300621,20.2
300622,24.55
300623,62.18
300625,24.61
300626,28.97
300627,46.2
300628,120.08
300629,50.61
300630,74.85
300631,27.5
300632,20.45
300633,24.54
300635,20.18
300636,30.49
300637,19.79
300638,39.0
300639,56.05
300640,24.89
300641,14.79
300642,94.14
300643,13.05
300645,39.85
300647,18.73
300648,59.57
300649,36.27
300650,35.33
300651,35.67
300652,27.59
300653,33.36
300654,30.89
300655,25.98
300656,56.67
300657,39.09
300658,28.63
300659,40.21
300660,65.12
300661,82.29
300662,25.86
300663,27.12
300664,25.2
300665,26.73
300666,56.52
300667,37.68
300668,87.3
300669,24.0
300670,21.9
300671,33.9
300672,55.59
300673,43.9
300675,35.1
300676,180.55
300677,54.95
300678,56.75
300679,92.75
300680,36.66
300681,50.81
300682,19.48
300683,51.25
300684,58.8
300685,107.51
300686,22.78
300687,47.38
300688,53.39
300689,42.6
300690,54.1
300691,68.81
300692,43.32
300693,34.28
300695,86.74
300696,69.5
300697,26.9
300698,28.2
300699,53.4
300700,75.79
300701,36.13
300702,40.91
300703,31.34
300705,26.39
300706,74.58
300707,46.1
300708,33.81
300709,68.1
300710,42.08
300711,27.99
300712,25.75
300713,86.86
300715,36.17
300716,25.27
300717,35.12
300718,38.99
300719,26.19
300720,29.92
300721,35.65
300722,35.35
300723,36.65
300725,122.88
300726,28.04
300727,32.46
300729,30.88
300730,38.94
300731,32.2
300732,91.56
300733,28.13
300735,23.95
300736,47.5
000511,5.27
000629,3.07
000950,10.72
300624,42.21
300737,15.76
300738,42.1
600000,13.41
600004,16.53
600006,5.71
600007,16.74
600008,5.44
600009,46.88
600010,2.52
600011,6.34
600012,11.47
600015,10.06
600016,9.32
600017,4.04
600018,7.51
600019,9.71
600020,5.25
600021,9.02
600022,2.23
600023,5.97
600025,4.83
600026,6.36
600027,3.75
600028,7.38
600029,11.41
600030,22.34
600031,9.86
600033,3.84
600035,5.12
600036,33.47
600037,13.27
600038,43.29
600039,4.1
600048,17.19
600050,7.25
600051,9.75
600052,3.95
600053,24.26
600054,14.31
600055,15.36
600056,22.94
600057,8.95
600058,11.85
600059,9.75
600060,16.23
600061,13.9
600062,24.5
600063,3.79
600064,15.09
600066,22.82
600067,6.82
600068,9.74
600069,8.37
600070,9.68
600071,16.2
600072,13.31
600073,8.16
600074,3.72
600075,8.06
600076,7.23
600077,3.89
600078,5.47
600079,18.01
600080,8.53
600081,12.41
600082,5.68
600083,19.24
600084,7.52
600085,35.07
600086,10.04
600088,12.83
600089,10.08
600090,7.81
600091,5.22
600093,15.42
600094,7.32
600095,6.23
600096,7.59
600097,16.05
600098,7.34
600099,9.48
600100,10.36
600101,9.05
600103,3.99
600104,34.98
600105,6.77
600106,4.53
600107,12.71
600108,4.18
600109,10.09
600110,8.75
600111,14.22
600112,4.92
600113,10.88
600114,15.43
600115,8.3
600116,8.52
600117,5.55
600118,24.56
600119,13.81
600120,24.49
600121,6.48
600122,9.46
600123,9.16
600125,10.49
600126,7.1
600127,4.63
600128,10.1
600129,17.41
600130,7.0
600131,6.49
600132,23.11
600133,10.08
600135,11.14
600136,13.57
600137,23.92
600138,23.33
600139,6.78
600141,18.28
600143,6.53
600145,1.87
600146,22.03
600148,22.85
600149,10.2
600150,24.67
600151,7.56
600152,7.79
600153,12.7
600155,11.5
600156,5.28
600157,3.36
600158,10.91
600159,4.07
600160,11.15
600161,29.34
600162,3.45
600163,4.38
600165,15.24
600166,2.8
600167,25.29
600168,8.42
600169,3.45
600170,3.95
600171,13.91
600172,7.98
600173,6.55
600175,5.23
600176,17.09
600177,10.2
600178,6.42
600179,25.72
600180,11.83
600182,25.93
600183,17.04
600184,17.67
600185,6.51
600186,2.82
600187,4.68
600188,17.26
600189,7.71
600190,4.23
600191,8.23
600192,6.26
600193,5.4
600195,20.29
600196,43.07
600197,29.57
600198,10.89
600199,7.98
600200,11.25
600201,30.95
600202,7.74
600203,10.06
600206,10.56
600207,6.43
600208,5.34
600209,12.7
600210,5.08
600211,34.01
600212,8.62
600213,10.2
600215,10.34
600216,15.38
600217,6.47
600218,7.08
600219,3.61
600220,3.11
600221,3.25
600222,5.26
600223,4.25
600225,4.98
600226,5.93
600227,7.09
600228,12.53
600229,7.92
600230,51.1
600231,5.06
600232,6.87
600233,16.68
600234,13.77
600235,6.55
600236,5.64
600237,5.24
600238,8.1
600239,5.79
600240,9.19
600241,9.92
600242,17.27
600243,6.94
600246,4.71
600247,8.37
600248,5.85
600249,6.21
600250,10.38
600251,8.38
600252,4.22
600255,3.74
600256,4.92
600257,7.4
600258,33.29
600259,36.41
600260,29.15
600261,5.31
600262,21.08
600265,20.26
600266,14.15
600267,14.05
600268,5.27
600269,5.39
600270,17.28
600271,21.5
600272,10.65
600273,9.53
600275,5.51
600276,77.15
600277,6.94
600278,12.07
600279,6.08
600280,7.5
600281,5.66
600282,5.27
600283,12.89
600284,9.59
600285,9.1
600287,7.65
600288,8.75
600289,5.04
600290,13.36
600291,25.72
600292,8.74
600293,8.26
600295,13.86
600297,7.82
600298,33.12
600299,12.58
600300,4.63
600301,7.82
600302,5.94
600303,9.31
600305,11.56
600306,10.46
600307,2.9
600308,7.12
600309,36.44
600310,5.44
600311,5.26
600312,9.79
600313,3.17
600315,35.02
600316,13.55
600317,3.39
600318,12.45
600319,9.55
600320,6.29
600321,4.21
600322,6.84
600323,14.24
600325,9.07
600326,9.95
600327,7.52
600328,11.58
600329,15.22
600330,9.41
600331,5.23
600332,29.28
600333,7.25
600335,10.69
600336,4.99
600337,5.75
600338,37.37
600339,5.46
600340,42.84
600343,12.78
600345,29.89
600346,15.74
600348,7.57
600350,6.43
600351,7.33
600352,12.33
600353,6.99
600354,7.15
600355,8.6
600356,8.47
600358,6.5
600359,6.71
600360,7.21
600361,5.47
600362,20.13
600363,11.81
600365,8.38
600366,17.41
600367,11.57
600368,5.47
600369,5.05
600370,3.32
600371,10.22
600372,13.8
600373,17.52
600375,5.54
600376,10.92
600377,10.34
600378,13.65
600379,10.72
600380,12.88
600381,11.67
600382,13.17
600383,16.14
600385,11.7
600386,5.51
600387,8.82
600388,15.45
600389,18.63
600390,12.05
600391,19.32
600392,17.64
600393,6.86
600395,7.26
600396,3.13
600397,3.76
600398,11.44
600399,5.53
600400,7.13
600401,1.08
600403,4.64
600405,6.28
600406,17.67
600408,3.12
600409,10.25
600410,10.13
600415,6.03
600416,10.78
600418,8.84
600419,42.9
600420,11.36
600421,8.72
600422,9.21
600423,5.18
600425,3.82
600426,19.53
600428,6.08
600429,6.5
600433,4.44
600435,11.55
600436,76.35
600438,12.17
600439,5.61
600444,14.98
600446,17.09
600448,5.1
600449,12.7
600452,34.49
600455,34.33
600456,22.55
600458,9.64
600459,22.34
600460,14.23
600461,6.25
600462,4.61
600463,12.59
600466,12.52
600467,3.15
600468,6.28
600469,5.34
600470,5.95
600475,14.0
600476,16.03
600477,8.99
600478,7.06
600479,15.14
600480,15.83
600481,4.07
600482,24.69
600483,7.81
600485,14.59
600486,50.26
600487,40.02
600488,4.93
600489,10.08
600490,8.93
600491,9.89
600493,8.15
600495,6.45
600496,4.21
600497,7.31
600498,29.47
600499,10.31
600500,8.63
600501,11.29
600502,7.1
600503,6.26
600505,7.12
600506,15.84
600507,15.77
600508,12.99
600509,6.91
600510,6.99
600511,26.99
600512,4.48
600513,8.88
600515,11.16
600516,30.62
600517,6.12
600518,21.27
600519,777.22
600520,19.19
600521,27.6
600522,12.69
600523,16.84
600525,15.47
600526,9.56
600527,4.84
600528,12.71
600529,21.17
600530,6.25
600531,6.86
600532,10.98
600533,4.93
600535,36.97
600536,15.66
600537,4.77
600538,6.12
600539,16.8
600540,4.48
600543,9.88
600545,9.97
600546,5.42
600547,33.12
600548,9.28
600549,25.57
600550,6.94
600551,12.54
600552,7.56
600555,4.26
600556,6.64
600557,13.61
600558,5.67
600559,31.25
600560,10.18
600561,8.41
600562,21.24
600563,46.04
600565,4.57
600566,42.17
600567,4.78
600568,7.3
600569,5.18
600570,51.38
600571,11.29
600572,7.17
600573,8.88
600575,4.05
600576,7.32
600577,3.87
600578,3.73
600579,11.53
600580,8.44
600581,14.28
600582,4.94
600583,7.26
600584,19.92
600585,34.79
600586,4.44
600587,16.11
600588,23.21
600589,6.39
600590,10.32
600592,10.13
600593,31.28
600594,10.51
600595,5.14
600596,12.51
600597,15.02
600598,12.28
600599,21.33
600600,41.08
600601,3.6
600602,7.05
600603,6.99
600604,7.51
600605,13.65
600606,9.44
600608,7.49
600609,6.23
600610,5.2
600611,5.18
600612,45.1
600613,8.38
600614,10.16
600615,12.8
600616,9.22
600617,7.76
600618,11.39
600619,11.41
600620,10.54
600621,15.23
600622,17.21
600623,10.61
600624,7.13
600626,7.87
600628,10.36
600629,14.96
600630,10.59
600633,15.77
600634,19.42
600635,4.68
600636,14.07
600637,17.59
600638,15.63
600639,17.23
600640,14.32
600641,13.09
600642,6.09
600643,11.78
600644,6.79
600645,24.46
600647,17.15
600648,18.89
600649,9.11
600650,15.02
600651,10.22
600652,8.09
600653,2.68
600654,4.41
600655,11.49
600657,6.63
600658,10.75
600660,27.82
600661,25.4
600662,5.72
600663,20.73
600664,5.81
600665,4.63
600666,17.4
600667,8.36
600668,16.2
600671,23.3
600673,8.19
600674,9.94
600675,6.26
600676,6.53
600677,11.04
600678,11.08
600679,18.58
600680,9.48
600681,13.19
600682,38.39
600683,6.35
600684,6.84
600685,26.66
600686,11.75
600687,11.92
600688,6.84
600689,11.58
600690,21.76
600691,3.61
600692,10.69
600693,7.83
600694,37.01
600695,11.03
600696,6.98
600697,25.53
600698,7.18
600699,31.04
600701,9.39
600702,49.34
600703,24.89
600704,7.4
600705,5.73
600706,18.63
600707,8.27
600708,8.16
600710,6.32
600711,9.41
600712,7.5
600713,6.15
600714,8.47
600715,18.58
600716,5.15
600717,11.02
600718,13.9
600719,6.04
600720,11.63
600721,10.22
600722,7.45
600723,8.47
600724,3.78
600725,2.99
600726,3.13
600727,8.68
600728,7.88
600729,26.38
600730,7.04
600731,7.75
600732,6.75
600733,50.18
600734,9.4
600735,11.28
600736,6.55
600737,8.26
600738,8.21
600739,18.27
600740,11.95
600741,27.74
600742,17.24
600743,4.08
600744,3.84
600745,28.74
600746,8.69
600747,2.55
600748,6.51
600749,19.05
600750,26.23
600751,6.49
600753,28.44
600754,37.69
600755,10.84
600756,17.89
600757,7.24
600758,7.35
600759,4.42
600760,31.13
600761,10.5
600763,38.6
600764,30.81
600765,12.04
600766,8.76
600767,6.15
600768,13.88
600769,6.03
600770,7.44
600771,45.9
600773,11.33
600774,17.01
600775,8.06
600776,7.92
600777,3.63
600778,5.76
600779,50.25
600780,4.71
600781,21.32
600782,7.53
600783,13.99
600784,5.46
600785,21.63
600787,11.95
600789,8.95
600790,6.08
600791,7.53
600792,4.24
600793,25.18
600794,4.45
600795,3.23
600796,7.13
600797,12.48
600798,5.02
600800,6.28
600801,15.04
600802,8.1
600803,14.3
600804,17.57
600805,6.18
600807,10.01
600808,4.33
600809,65.42
600810,7.63
600811,4.75
600812,5.0
600814,8.67
600815,4.18
600816,13.36
600817,11.6
600818,22.83
600819,5.68
600820,8.5
600821,6.42
600822,14.42
600823,6.01
600824,4.89
600825,6.1
600826,13.72
600827,13.16
600828,6.41
600829,12.24
600830,8.99
600831,8.3
600833,13.51
600834,9.52
600835,23.58
600836,5.16
600837,14.42
600838,9.73
600839,3.49
600841,12.42
600843,10.74
600844,5.99
600845,19.97
600846,10.18
600847,12.88
600848,24.5
600850,17.9
600851,11.21
600853,4.78
600854,5.35
600855,15.55
600856,13.04
600857,9.28
600858,7.6
600859,22.56
600860,6.38
600861,9.69
600862,9.55
600863,2.95
600864,7.69
600865,7.72
600866,4.35
600867,23.56
600868,4.34
600869,5.57
600870,7.54
600871,2.93
600872,27.83
600873,5.49
600874,13.5
600875,11.17
600876,20.49
600877,6.43
600879,8.05
600880,5.35
600881,5.41
600882,9.19
600883,9.45
600884,18.45
600885,41.88
600886,7.32
600887,34.64
600888,6.63
600889,8.37
600890,11.71
600891,7.42
600892,11.08
600893,26.19
600894,9.68
600895,14.51
600896,6.46
600897,23.49
600898,11.57
600900,16.06
600903,28.04
600908,9.0
600909,8.26
600917,9.82
600919,8.16
600926,12.74
600933,15.68
600936,6.7
600939,8.0
600958,14.94
600959,7.97
600960,7.37
600961,8.45
600962,10.26
600963,6.75
600965,10.2
600966,6.22
600967,12.13
600969,12.5
600970,10.79
600971,10.93
600973,4.84
600975,5.98
600976,24.23
600977,16.67
600978,9.36
600979,5.2
600980,15.2
600981,5.77
600982,4.28
600983,7.17
600984,6.72
600985,15.87
600986,10.97
600987,11.32
600988,6.17
600990,55.58
600992,11.62
600993,20.68
600995,9.22
600996,10.21
600997,6.24
600998,18.01
600999,20.36
601000,5.28
601001,6.5
601002,10.42
601003,7.28
601005,2.23
601006,10.22
601007,10.94
601008,4.91
601009,9.92
601010,3.97
601011,8.56
601012,38.08
601015,9.83
601016,3.43
601018,5.52
601019,12.74
601020,20.82
601021,36.06
601028,8.31
601038,7.81
601058,3.43
601069,15.08
601086,9.43
601088,25.3
601098,14.4
601099,3.83
601100,33.72
601101,8.36
601106,3.75
601107,4.35
601108,20.65
601111,13.14
601113,13.88
601116,20.12
601117,7.67
601118,6.11
601126,7.88
601127,19.91
601128,8.34
601137,11.42
601139,7.94
601155,44.92
601158,6.57
601163,20.33
601166,18.69
601168,8.7
601169,7.7
601177,8.48
601179,4.69
601186,12.16
601188,4.27
601198,15.65
601199,5.64
601200,23.84
601208,6.2
601211,20.76
601212,7.22
601216,4.71
601218,3.62
601222,9.08
601225,9.82
601226,5.36
601228,6.55
601229,16.04
601231,14.17
601233,27.11
601238,24.17
601258,2.55
601288,4.48
601311,13.0
601313,45.45
601318,76.1
601326,6.28
601328,7.02
601333,5.33
601336,60.5
601339,5.31
601366,10.74
601368,8.84
601369,7.6
601375,7.29
601377,7.98
601388,4.15
601390,8.77
601398,7.37
601500,9.37
601515,9.92
601518,3.69
601519,4.73
601555,10.24
601558,1.47
601566,14.39
601567,9.57
601579,12.63
601588,5.36
601595,21.95
601599,6.47
601600,8.09
601601,39.88
601607,24.12
601608,4.21
601611,10.98
601616,4.0
601618,4.61
601619,7.9
601628,31.16
601633,12.52
601636,7.78
601666,6.75
601668,10.67
601669,7.65
601677,12.75
601678,9.11
601688,20.95
601689,21.68
601699,11.75
601700,8.02
601717,6.54
601718,6.47
601727,6.81
601766,12.32
601777,7.12
601788,15.0
601789,4.5
601798,9.28
601799,47.91
601800,14.64
601801,10.59
601808,13.78
601811,13.16
601818,4.81
601828,22.61
601857,9.31
601858,10.74
601866,3.54
601872,4.53
601877,24.97
601878,17.34
601880,2.82
601881,12.04
601882,11.08
601886,9.6
601888,48.98
601890,6.76
601898,6.23
601899,4.88
601900,11.64
601901,7.38
601908,5.33
601918,3.87
601919,7.23
601928,8.39
601929,3.05
601933,11.41
601939,9.63
601949,8.06
601952,13.74
601958,7.71
601965,8.49
601966,18.2
601968,5.21
601969,9.03
601985,7.61
601988,4.65
601989,6.35
601991,4.22
601992,5.95
601996,5.16
601997,15.69
601998,7.37
601999,7.71
603000,11.42
603001,14.43
603002,6.41
603003,12.01
603005,30.27
603006,14.9
603007,12.62
603008,18.77
603009,11.9
603010,25.25
603011,11.55
603012,7.43
603015,8.38
603016,25.81
603017,15.36
603018,28.39
603019,41.31
603020,11.92
603021,9.6
603022,12.43
603023,8.08
603025,32.34
603026,23.1
603027,18.21
603028,10.0
603029,20.49
603030,8.9
603031,25.83
603032,54.26
603033,17.71
603035,15.66
603036,16.83
603037,25.84
603038,40.88
603039,72.2
603040,60.11
603041,21.75
603042,26.69
603043,19.62
603050,23.21
603055,16.64
603056,14.95
603058,16.95
603060,21.92
603063,17.4
603066,12.82
603067,12.85
603069,14.24
603076,35.41
603077,2.16
603078,65.26
603079,52.42
603080,41.93
603081,24.29
603083,45.39
603085,27.05
603086,38.41
603088,41.87
603089,23.09
603090,19.1
603096,62.58
603098,17.55
603099,12.06
603100,10.09
603101,13.93
603103,37.65
603106,25.81
603108,14.0
603110,25.89
603111,12.48
603113,23.29
603116,15.52
603117,9.06
603118,8.56
603123,7.87
603126,9.91
603127,56.92
603128,8.68
603129,26.71
603131,21.56
603133,30.29
603136,43.02
603138,42.46
603139,25.32
603157,17.83
603158,18.07
603159,24.89
603160,91.85
603161,31.3
603165,53.8
603166,8.03
603167,12.91
603168,13.92
603169,9.01
603177,20.18
603178,14.89
603179,37.38
603180,143.34
603181,25.09
603183,41.15
603186,24.88
603188,16.34
603189,16.22
603196,11.66
603197,47.04
603198,18.03
603199,26.88
603200,39.29
603203,38.35
603208,41.21
603218,22.02
603222,14.97
603223,22.25
603225,37.63
603226,29.99
603227,5.89
603228,44.97
603229,16.81
603232,45.76
603233,46.78
603238,22.14
603239,19.46
603258,29.51
603260,68.33
603266,25.97
603268,26.64
603269,26.57
603277,18.3
603278,22.37
603283,29.89
603286,42.85
603288,57.49
603289,19.25
603298,16.04
603299,11.34
603300,8.37
603303,14.22
603305,31.26
603306,28.96
603308,14.55
603309,17.85
603311,15.5
603313,26.4
603315,13.42
603316,13.89
603318,14.66
603319,31.98
603320,27.13
603321,12.78
603322,43.28
603323,9.67
603326,19.3
603328,13.4
603329,36.07
603330,34.65
603331,19.4
603333,6.41
603335,10.8
603336,21.54
603337,48.83
603338,71.5
603339,23.22
603345,25.69
603355,36.09
603357,22.85
603358,35.42
603359,33.88
603360,22.02
603363,20.94
603365,22.54
603366,6.03
603367,20.04
603368,47.12
603369,17.22
603377,40.29
603378,22.91
603380,20.13
603383,47.34
603385,21.42
603386,17.64
603387,57.56
603388,19.51
603389,12.32
603393,36.27
603396,38.83
603398,15.91
603399,14.53
603416,28.68
603421,24.91
603429,41.85
603444,197.23
603456,17.98
603458,71.13
603466,56.79
603477,15.2
603488,21.32
603496,31.85
603499,27.18
603500,25.12
603501,36.28
603505,21.21
603507,39.15
603508,39.0
603515,47.24
603517,38.48
603518,19.24
603519,21.16
603520,28.95
603527,30.53
603528,9.01
603533,45.5
603535,26.62
603536,20.38
603538,26.45
603555,20.17
603556,36.07
603557,16.7
603558,12.14
603559,32.54
603566,21.94
603567,14.31
603568,22.49
603569,24.81
603577,14.4
603578,30.75
603579,76.97
603580,30.29
603585,31.71
603586,23.92
603588,11.74
603589,50.0
603595,90.47
603598,14.84
603599,18.64
603600,13.49
603601,13.16
603602,46.31
603603,32.02
603605,29.99
603606,11.36
603607,42.89
603608,11.01
603609,9.04
603611,20.52
603612,48.71
603615,13.35
603616,15.51
603617,21.78
603618,8.34
603619,41.21
603626,24.94
603628,13.32
603630,27.23
603633,18.1
603636,10.71
603637,24.5
603638,31.52
603639,44.11
603648,21.91
603655,24.89
603656,29.17
603658,47.14
603659,47.06
603660,32.72
603661,66.7
603663,20.34
603665,41.8
603667,22.04
603668,11.01
603669,19.02
603676,17.05
603677,24.84
603678,24.95
603679,23.92
603683,25.99
603685,32.98
603686,24.31
603688,13.96
603689,15.11
603690,16.96
603696,38.15
603698,19.35
603699,20.11
603701,18.55
603703,16.39
603707,28.85
603708,21.84
603711,27.23
603716,50.52
603717,26.8
603718,10.6
603721,27.72
603722,39.41
603725,20.12
603726,31.68
603727,23.81
603728,21.66
603729,61.1
603730,34.08
603737,71.05
603738,23.24
603757,54.66
603758,13.72
603766,7.37
603767,15.12
603768,18.22
603776,63.01
603777,26.91
603778,7.23
603779,16.78
603787,14.59
603788,38.93
603789,13.65
603797,19.25
603798,16.48
603799,96.95
603800,15.84
603801,55.89
603803,18.12
603806,33.58
603808,21.48
603809,34.45
603811,30.77
603813,34.22
603816,62.12
603817,13.13
603818,13.63
603819,16.81
603822,35.91
603823,17.31
603825,32.88
603826,15.19
603828,10.05
603829,19.08
603833,141.51
603838,12.28
603839,23.28
603843,14.18
603848,21.8
603855,11.7
603856,19.77
603858,50.49
603859,20.64
603860,34.3
603861,17.2
603866,43.56
603868,69.66
603869,21.46
603877,25.63
603878,16.82
603879,19.97
603880,25.03
603881,44.34
603882,29.38
603883,59.15
603885,16.03
603886,20.47
603887,29.63
603888,23.81
603889,14.53
603890,37.04
603896,50.19
603898,30.09
603899,25.01
603900,29.81
603901,8.85
603903,37.71
603906,15.5
603908,34.93
603909,31.44
603912,27.77
603916,17.95
603917,26.29
603918,17.9
603919,19.02
603920,17.75
603922,27.61
603926,27.01
603928,15.21
603929,23.6
603933,48.6
603936,23.86
603937,23.97
603938,33.84
603939,45.98
603955,39.07
603958,14.25
603959,31.19
603960,27.79
603963,28.32
603966,15.54
603968,19.2
603969,13.49
603970,29.54
603976,26.37
603977,13.29
603978,78.29
603979,10.74
603980,21.14
603985,37.42
603986,163.12
603987,12.18
603988,40.86
603989,37.08
603990,36.0
603991,27.63
603993,7.78
603996,17.71
603997,11.44
603998,11.22
603999,8.29
600432,6.74
600806,6.44
603356,17.79
603895,38.64
